{"CHANGPING": [14114320.999210253, 39017443.80497979, 24490955.942134086, 9420190.652309334, 8179224.326256207, 9811067.296776831, 23921277.533305407, 392162.8004434465, 934437.6445846409, 0.0, 49013.0], "DAXING": [7813968.587860511, 26315109.75255928, 28619331.19358135, 6776713.475991417, 3785100.3738800944, 9667344.742774766, 1083664.1225274266, 1485706.1727725524, 164494.57805260713, 0.0, 0.0], "HUAIROU": [892851.9640005887, 4149014.963961134, 5654323.436232298, 1508131.6134459516, 1085081.1567009757, 768034.4252223741, 1067322.8850002682, 29494.046441559134, 165267.70354046611, 0.0, 79734.80545438729], "PINGGU": [0.0, 292173.768992348, 261079.0, 776862.2310076519, 0.0, 0.0, 0.0, 0.0, 17.0, 0.0, 0.0], "FANGSHAN": [266592.2528952684, 5432382.64568552, 3437903.2762249056, 1967869.9711392662, 534256.1290506527, 0.0, 1576379.6205771486, 0.0, 156269.46750707843, 0.0, 1275182.63692016], "YANQING": [382205.4320211505, 2016619.6382766902, 2519169.784391451, 1175038.2633526074, 0.0, 975956.1645365856, 0.0, 0.0, 508666.66350670176, 0.0, 78728.05391481362], "MIYUN": [0.0, 5485556.92885104, 5961554.1440359615, 525651.8592928109, 1553456.5110095409, 307621.64252576535, 0.0, 0.0, 31430.0, 0.0, 436301.91428488086], "DONGCHENG": [32026891.391397856, 60143118.94294564, 16696439.755574163, 7511041.355724393, 7520019.762901341, 22999710.072467133, 2349909.1283553904, 5201048.411066307, 530373.8004018511, 3301.623042659467, 1619195.7561233125], "FENGTAI": [27328475.28248233, 57299399.33251715, 20368964.30315333, 24000135.18184363, 9730310.358424483, 14557640.166181426, 13674993.373456823, 2971637.603715062, 43668.75865395023, 0.0, 184902.63957180295], "XICHENG": [22095473.12207074, 66576670.47613785, 25776303.38043304, 7431872.943686891, 12059361.625288622, 10123776.89005534, 15935723.379527599, 5116025.781223334, 1630488.4797607767, 0.0, 3176124.921815825], "SHIJINGSHAN": [4126080.931854636, 10873387.595912697, 7090247.112649126, 2256199.1775618247, 1717067.1754169129, 2019853.1388766875, 19835082.75929095, 1062870.9013279327, 350987.7811461287, 0.0, 1586198.4259630963], "HAIDIAN": [50395223.066885136, 87352276.07099053, 85067348.61117737, 24159908.446608596, 28640495.844495036, 60996540.66159792, 52368762.00504603, 12334178.986888327, 2219615.0571159166, 0.0, 1999015.249195084], "SHUNYI": [6016629.260548713, 11855103.01539039, 13083420.619846711, 3296986.8017503787, 1945159.6112825172, 1986814.5884053605, 1197394.5589156933, 968698.5438602391, 173853.0, 0.0, 0.0], "MENTOUGOU": [49091.0, 330968.0435623363, 2327517.0, 643551.0, 229595.0, 0.0, 0.0, 0.0, 3941.6760692072135, 0.0, 67251.28036845654], "CHAOYANG": [108063864.30204417, 176853498.64196947, 94451735.1462512, 34179327.457093924, 35213870.27587889, 80542610.13118304, 55928067.83375783, 17547912.033270825, 2339382.1150838784, 774609.088241786, 3391899.9752251627], "TONGZHOU": [6455298.41176148, 14933464.693163928, 8979150.174687918, 1811598.4655436948, 5186526.786759376, 2820592.7523690294, 6699832.646247687, 127317.54244449202, 1612630.8389494799, 0.0, 32968.688072915036], "TOTAL": [280026966.0050326, 568926188.3158977, 344785442.88037264, 127441078.89635228, 117379524.93734458, 217577562.67297214, 195638409.8460084, 47237052.82345412, 10865524.56437267, 777910.7112844455, 13976517.346909907]}