{
    "bj": { "CHANGPING": [14114320.999210253, 39017443.80497979, 24490955.942134086, 9420190.652309334, 8179224.326256207, 9811067.296776831, 23921277.533305407, 392162.8004434465, 934437.6445846409, 0.0, 49013.0], "DAXING": [7813968.587860511, 26315109.75255928, 28619331.19358135, 6776713.475991417, 3785100.3738800944, 9667344.742774766, 1083664.1225274266, 1485706.1727725524, 164494.57805260713, 0.0, 0.0], "HUAIROU": [892851.9640005887, 4149014.963961134, 5654323.436232298, 1508131.6134459516, 1085081.1567009757, 768034.4252223741, 1067322.8850002682, 29494.046441559134, 165267.70354046611, 0.0, 79734.80545438729], "PINGGU": [0.0, 292173.768992348, 261079.0, 776862.2310076519, 0.0, 0.0, 0.0, 0.0, 17.0, 0.0, 0.0], "FANGSHAN": [266592.2528952684, 5432382.64568552, 3437903.2762249056, 1967869.9711392662, 534256.1290506527, 0.0, 1576379.6205771486, 0.0, 156269.46750707843, 0.0, 1275182.63692016], "YANQING": [382205.4320211505, 2016619.6382766902, 2519169.784391451, 1175038.2633526074, 0.0, 975956.1645365856, 0.0, 0.0, 508666.66350670176, 0.0, 78728.05391481362], "MIYUN": [0.0, 5485556.92885104, 5961554.1440359615, 525651.8592928109, 1553456.5110095409, 307621.64252576535, 0.0, 0.0, 31430.0, 0.0, 436301.91428488086], "DONGCHENG": [32026891.391397856, 60143118.94294564, 16696439.755574163, 7511041.355724393, 7520019.762901341, 22999710.072467133, 2349909.1283553904, 5201048.411066307, 530373.8004018511, 3301.623042659467, 1619195.7561233125], "FENGTAI": [27328475.28248233, 57299399.33251715, 20368964.30315333, 24000135.18184363, 9730310.358424483, 14557640.166181426, 13674993.373456823, 2971637.603715062, 43668.75865395023, 0.0, 184902.63957180295], "XICHENG": [22095473.12207074, 66576670.47613785, 25776303.38043304, 7431872.943686891, 12059361.625288622, 10123776.89005534, 15935723.379527599, 5116025.781223334, 1630488.4797607767, 0.0, 3176124.921815825], "SHIJINGSHAN": [4126080.931854636, 10873387.595912697, 7090247.112649126, 2256199.1775618247, 1717067.1754169129, 2019853.1388766875, 19835082.75929095, 1062870.9013279327, 350987.7811461287, 0.0, 1586198.4259630963], "HAIDIAN": [50395223.066885136, 87352276.07099053, 85067348.61117737, 24159908.446608596, 28640495.844495036, 60996540.66159792, 52368762.00504603, 12334178.986888327, 2219615.0571159166, 0.0, 1999015.249195084], "SHUNYI": [6016629.260548713, 11855103.01539039, 13083420.619846711, 3296986.8017503787, 1945159.6112825172, 1986814.5884053605, 1197394.5589156933, 968698.5438602391, 173853.0, 0.0, 0.0], "MENTOUGOU": [49091.0, 330968.0435623363, 2327517.0, 643551.0, 229595.0, 0.0, 0.0, 0.0, 3941.6760692072135, 0.0, 67251.28036845654], "CHAOYANG": [108063864.30204417, 176853498.64196947, 94451735.1462512, 34179327.457093924, 35213870.27587889, 80542610.13118304, 55928067.83375783, 17547912.033270825, 2339382.1150838784, 774609.088241786, 3391899.9752251627], "TONGZHOU": [6455298.41176148, 14933464.693163928, 8979150.174687918, 1811598.4655436948, 5186526.786759376, 2820592.7523690294, 6699832.646247687, 127317.54244449202, 1612630.8389494799, 0.0, 32968.688072915036], "TOTAL": [280026966.0050326, 568926188.3158977, 344785442.88037264, 127441078.89635228, 117379524.93734458, 217577562.67297214, 195638409.8460084, 47237052.82345412, 10865524.56437267, 777910.7112844455, 13976517.346909907] },
    "tj": { "JINNAN": [0.0, 408839.0, 18711544.0, 0.0, 0.0, 0.0, 0.0, 0.0, 0.0, 0.0, 0.0], "BEICHEN": [872524.0, 5073657.0, 8379657.0, 0.0, 0.0, 18491.0, 0.0, 0.0, 0.0, 0.0, 0.0], "WUQING": [821938.049883333, 8554550.68948672, 8025138.260629948, 238202.0, 0.0, 0.0, 0.0, 0.0, 7997.0, 0.0, 0.0], "NINGHE": [0.0, 1510654.0, 0.0, 0.0, 0.0, 0.0, 0.0, 0.0, 0.0, 0.0, 0.0], "NANKAI": [6887226.091531531, 33858581.146239385, 37311425.255969204, 81099.9726152379, 18810627.28219326, 0.0, 6938521.264037588, 4401272.2801725, 3474283.078404735, 0.0, 1216653.628836576], "HEDONG": [1975551.2226772443, 37541993.916781954, 23033143.659833442, 3484245.648016953, 15844256.885720655, 8264868.666969759, 0.0, 0.0, 0.0, 0.0, 0.0], "HEBEI": [67858.88833092667, 39354054.50168035, 16625319.413582908, 1273485.580714479, 9151434.461861799, 114557.153829535, 0.0, 0.0, 0.0, 0.0, 0.0], "XIQING": [1269631.0967388938, 18731759.52369678, 34626226.44827869, 6759259.042899944, 2006204.1090727027, 5758056.707875697, 0.0, 1903418.1045714798, 574255.9668658385, 0.0, 0.0], "HEXI": [8728531.413524766, 30732387.076849196, 23570166.01160252, 366965.72917697043, 7409471.760672712, 2071942.8086412398, 0.0, 0.0, 1902715.199532595, 0.0, 0.0], "HEPING": [2094382.447086959, 19730014.417221203, 38933159.881073005, 3240609.6713867933, 17197138.7662465, 3048614.26155289, 2166877.9398712534, 0.0, 0.0, 0.0, 1533785.6155613787], "BINHAI": [0.0, 32835791.824207816, 23251447.366321176, 0.0, 3748576.827013118, 0.0, 6567095.0, 3615076.179377129, 967.0, 0.0, 74219.80308076438], "DONGLI": [0.0, 9167866.228288908, 16402286.77171109, 0.0, 0.0, 0.0, 0.0, 0.0, 0.0, 0.0, 0.0], "JINGHAI": [0.0, 2636515.0, 0.0, 0.0, 0.0, 0.0, 0.0, 0.0, 1051.0, 0.0, 0.0], "BAODI": [0.0, 1135748.0, 2798965.0, 46869.0, 0.0, 0.0, 0.0, 0.0, 0.0, 0.0, 0.0], "JIZHOU": [0.0, 2294013.0, 0.0, 0.0, 0.0, 1846291.0, 0.0, 0.0, 34548.0, 0.0, 0.0], "HONGQIAO": [0.0, 4541815.561229264, 9289616.438770736, 0.0, 691952.0, 0.0, 0.0, 0.0, 0.0, 0.0, 0.0], "TOTAL": [22717643.209773652, 248108240.88568145, 260958095.50777286, 15490736.644810375, 74859662.09278077, 21122821.598869115, 15672494.20390884, 9919766.564121109, 5995817.244803167, 0.0, 2824659.047478719] },
    "zjk": { "59": [0.0, 0.0, 0.0, 0.0, 0.0, 0.0, 0.0, 0.0, 0.0, 0.0, 0.0], "58": [0.0, 0.0, 0.0, 0.0, 0.0, 0.0, 0.0, 0.0, 3402.0, 0.0, 0.0], "48": [0.0, 42.0, 0.0, 0.0, 0.0, 0.0, 0.0, 0.0, 0.0, 0.0, 0.0], "49": [0.0, 0.0, 0.0, 0.0, 0.0, 0.0, 0.0, 0.0, 2845.0, 0.0, 0.0], "55": [0.0, 0.0, 0.0, 0.0, 0.0, 0.0, 0.0, 0.0, 0.0, 0.0, 0.0], "54": [0.0, 2116574.0, 0.0, 0.0, 0.0, 0.0, 0.0, 0.0, 0.0, 0.0, 279909.0], "57": [0.0, 0.0, 0.0, 0.0, 0.0, 0.0, 0.0, 0.0, 0.0, 0.0, 0.0], "56": [0.0, 0.0, 0.0, 0.0, 0.0, 0.0, 0.0, 0.0, 0.0, 0.0, 0.0], "51": [82661.63363825163, 269428.92489947093, 1872410.7333556225, 51325.227354048046, 1489640.731574115, 55259.58093916677, 2823911.168239325, 0.0, 8031.0, 0.0, 80643.0], "50": [0.0, 22433.0, 0.0, 0.0, 0.0, 0.0, 0.0, 0.0, 0.0, 0.0, 0.0], "53": [1543215.999660049, 4491282.847310499, 2696655.0, 0.0, 0.0, 1168863.0631047287, 0.0, 516322.0899247234, 188894.0, 0.0, 77658.0], "52": [13869.0, 0.0, 0.0, 0.0, 0.0, 0.0, 0.0, 0.0, 0.0, 0.0, 0.0], "60": [0.0, 0.0, 0.0, 0.0, 0.0, 0.0, 0.0, 0.0, 0.0, 0.0, 0.0], "61": [0.0, 0.0, 0.0, 0.0, 0.0, 0.0, 0.0, 0.0, 0.0, 0.0, 0.0], "62": [0.0, 1833.0, 2087536.0, 0.0, 0.0, 0.0, 0.0, 0.0, 204.0, 0.0, 0.0], "63": [0.0, 0.0, 0.0, 0.0, 0.0, 0.0, 0.0, 0.0, 0.0, 0.0, 0.0], "47": [1920.0, 66076.0, 0.0, 0.0, 0.0, 0.0, 49831.0, 0.0, 1189.0, 0.0, 0.0], "TOTAL": [1641666.6332983007, 6967669.77220997, 6656601.733355623, 51325.227354048046, 1489640.731574115, 1224122.6440438954, 2873742.168239325, 516322.0899247234, 204565.0, 0.0, 438210.0] },
    "ts": { "39": [0.0, 0.0, 0.0, 0.0, 0.0, 0.0, 0.0, 0.0, 0.0, 0.0, 0.0], "38": [0.0, 0.0, 2809196.0, 0.0, 0.0, 0.0, 0.0, 0.0, 0.0, 0.0, 0.0], "41": [0.0, 0.0, 0.0, 20159.0, 0.0, 0.0, 0.0, 0.0, 0.0, 0.0, 0.0], "46": [0.0, 5253249.032889559, 2535829.4049000787, 663092.0, 2065688.125017992, 2042892.8390413504, 0.0, 0.0, 56021.77903030916, 0.0, 1754490.8191207107], "37": [0.0, 5115794.154374194, 4873358.499019163, 1833650.5150019552, 543613.3347974455, 1488596.5996197127, 1301643.7989058194, 2419873.8956664386, 39655.81448673943, 0.0, 306417.3881285315], "44": [0.0, 336755.09753931774, 2654641.902460682, 0.0, 0.0, 0.0, 0.0, 0.0, 0.0, 0.0, 0.0], "45": [0.0, 2742752.0, 1201638.0, 0.0, 0.0, 0.0, 0.0, 0.0, 2387.0, 0.0, 0.0], "42": [0.0, 472513.6262817233, 773149.3737182766, 0.0, 0.0, 0.0, 0.0, 0.0, 0.0, 0.0, 0.0], "43": [0.0, 2676986.0, 972873.0, 93726.0, 0.0, 0.0, 0.0, 0.0, 0.0, 0.0, 0.0],