{"JINNAN": [0.0, 408839.0, 18711544.0, 0.0, 0.0, 0.0, 0.0, 0.0, 0.0, 0.0, 0.0], "BEICHEN": [872524.0, 5073657.0, 8379657.0, 0.0, 0.0, 18491.0, 0.0, 0.0, 0.0, 0.0, 0.0], "WUQING": [821938.049883333, 8554550.68948672, 8025138.260629948, 238202.0, 0.0, 0.0, 0.0, 0.0, 7997.0, 0.0, 0.0], "NINGHE": [0.0, 1510654.0, 0.0, 0.0, 0.0, 0.0, 0.0, 0.0, 0.0, 0.0, 0.0], "NANKAI": [6887226.091531531, 33858581.146239385, 37311425.255969204, 81099.9726152379, 18810627.28219326, 0.0, 6938521.264037588, 4401272.2801725, 3474283.078404735, 0.0, 1216653.628836576], "HEDONG": [1975551.2226772443, 37541993.916781954, 23033143.659833442, 3484245.648016953, 15844256.885720655, 8264868.666969759, 0.0, 0.0, 0.0, 0.0, 0.0], "HEBEI": [67858.88833092667, 39354054.50168035, 16625319.413582908, 1273485.580714479, 9151434.461861799, 114557.153829535, 0.0, 0.0, 0.0, 0.0, 0.0], "XIQING": [1269631.0967388938, 18731759.52369678, 34626226.44827869, 6759259.042899944, 2006204.1090727027, 5758056.707875697, 0.0, 1903418.1045714798, 574255.9668658385, 0.0, 0.0], "HEXI": [8728531.413524766, 30732387.076849196, 23570166.01160252, 366965.72917697043, 7409471.760672712, 2071942.8086412398, 0.0, 0.0, 1902715.199532595, 0.0, 0.0], "HEPING": [2094382.447086959, 19730014.417221203, 38933159.881073005, 3240609.6713867933, 17197138.7662465, 3048614.26155289, 2166877.9398712534, 0.0, 0.0, 0.0, 1533785.6155613787], "BINHAI": [0.0, 32835791.824207816, 23251447.366321176, 0.0, 3748576.827013118, 0.0, 6567095.0, 3615076.179377129, 967.0, 0.0, 74219.80308076438], "DONGLI": [0.0, 9167866.228288908, 16402286.77171109, 0.0, 0.0, 0.0, 0.0, 0.0, 0.0, 0.0, 0.0], "JINGHAI": [0.0, 2636515.0, 0.0, 0.0, 0.0, 0.0, 0.0, 0.0, 1051.0, 0.0, 0.0], "BAODI": [0.0, 1135748.0, 2798965.0, 46869.0, 0.0, 0.0, 0.0, 0.0, 0.0, 0.0, 0.0], "JIZHOU": [0.0, 2294013.0, 0.0, 0.0, 0.0, 1846291.0, 0.0, 0.0, 34548.0, 0.0, 0.0], "HONGQIAO": [0.0, 4541815.561229264, 9289616.438770736, 0.0, 691952.0, 0.0, 0.0, 0.0, 0.0, 0.0, 0.0], "TOTAL": [22717643.209773652, 248108240.88568145, 260958095.50777286, 15490736.644810375, 74859662.09278077, 21122821.598869115, 15672494.20390884, 9919766.564121109, 5995817.244803167, 0.0, 2824659.047478719]}