{"39": [0.0, 0.0, 0.0, 0.0, 0.0, 0.0, 0.0, 0.0, 0.0, 0.0, 0.0], "38": [0.0, 0.0, 2809196.0, 0.0, 0.0, 0.0, 0.0, 0.0, 0.0, 0.0, 0.0], "41": [0.0, 0.0, 0.0, 20159.0, 0.0, 0.0, 0.0, 0.0, 0.0, 0.0, 0.0], "46": [0.0, 5253249.032889559, 2535829.4049000787, 663092.0, 2065688.125017992, 2042892.8390413504, 0.0, 0.0, 56021.77903030916, 0.0, 1754490.8191207107], "37": [0.0, 5115794.154374194, 4873358.499019163, 1833650.5150019552, 543613.3347974455, 1488596.5996197127, 1301643.7989058194, 2419873.8956664386, 39655.81448673943, 0.0, 306417.3881285315], "44": [0.0, 336755.09753931774, 2654641.902460682, 0.0, 0.0, 0.0, 0.0, 0.0, 0.0, 0.0, 0.0], "45": [0.0, 2742752.0, 1201638.0, 0.0, 0.0, 0.0, 0.0, 0.0, 2387.0, 0.0, 0.0], "42": [0.0, 472513.6262817233, 773149.3737182766, 0.0, 0.0, 0.0, 0.0, 0.0, 0.0, 0.0, 0.0], "43": [0.0, 2676986.0, 972873.0, 93726.0, 0.0, 0.0, 0.0, 0.0, 0.0, 0.0, 0.0], "35": [0.0, 911038.7936359443, 2759318.9198272126, 1966863.2865368435, 418830.0, 232663.0, 0.0, 0.0, 6123.0, 0.0, 0.0], "34": [0.0, 4172166.9451421415, 13333565.70775445, 3590464.0059901117, 10669732.24011699, 5268516.7765628155, 0.0, 0.0, 1237185.9181785313, 0.0, 3303726.406254963], "33": [635041.1360488032, 7439178.894563571, 2346604.407576381, 1776386.7258978677, 680842.1567404565, 1225150.7903553415, 2690829.048888326, 3601044.83992925, 0.0, 0.0, 0.0], "36": [943935.4424556533, 9347887.565596595, 37140736.39792245, 13071127.976927068, 15671293.867388165, 10540013.93618176, 1589336.0339980964, 0.0, 709352.9140215331, 0.0, 76415.86550868505], "40": [0.0, 0.0, 0.0, 0.0, 0.0, 0.0, 0.0, 0.0, 24040.0, 0.0, 0.0], "TOTAL": [1578976.5785044571, 38468322.110023044, 71400911.61317869, 23015469.510353863, 30049999.724061046, 20797833.94176099, 5581808.88179224, 6020918.735595692, 2074766.4257171124, 0.0, 5441050.479012892]}